{"id":6,"account_id":7,"name":"API","oneline_description":null,"description":null,"txt_api":null,"txt_support":null,"txt_features":null,"created_at":"2020-08-13T19:48:06Z","updated_at":"2020-09-14T17:47:11Z","logo_file_name":null,"logo_content_type":null,"logo_file_size":null,"state":"incomplete","intentions_required":false,"draft_name":"","infobar":null,"terms":null,"display_provider_keys":false,"tech_support_email":null,"admin_support_email":null,"credit_card_support_email":null,"buyers_manage_apps":true,"buyers_manage_keys":true,"custom_keys_enabled":true,"buyer_plan_change_permission":"request","buyer_can_select_plan":false,"notification_settings":null,"default_application_plan_id":18,"default_service_plan_id":16,"default_end_user_plan_id":null,"end_user_registration_required":true,"tenant_id":7,"system_name":"api","backend_version":"1","mandatory_app_key":true,"buyer_key_regenerate_enabled":true,"support_email":"rodrigo.bogado@claro.com.ar","referrer_filters_required":false,"deployment_option":"hosted","kubernetes_service_link":null,"act_as_product":false,"proxiable?":true,"backend_authentication_type":"service_token","backend_authentication_value":"107f2d4d7036e1c408449e0320db065be1ef6806a72b8bbfb7364a40ec638ce1","proxy":{"service_id":6,"authentication_method":"1","id":6,"lock_version":9,"api_test_path":"/","secret_token":"Shared_secret_sent_from_proxy_to_API_backend_4a2710348c58549a","sandbox_endpoint":"http://apicast-dev-staging:8080","endpoint":"http://apicast-dev-production:8080","error_status_no_match":404,"error_status_auth_missing":403,"error_status_auth_failed":403,"error_status_limits_exceeded":429,"hostname_rewrite":"","oauth_login_url":null,"credentials_location":"query","auth_app_id":"app_id","auth_app_key":"app_key","auth_user_key":"user_key","error_headers_auth_failed":"text/plain; charset=us-ascii","error_headers_auth_missing":"text/plain; charset=us-ascii","error_headers_no_match":"text/plain; charset=us-ascii","error_auth_failed":"Authentication failed","error_auth_missing":"Authentication parameters missing","error_no_match":"No Mapping Rule matched","error_headers_limits_exceeded":"text/plain; charset=us-ascii","error_limits_exceeded":"Usage limit exceeded","oidc_issuer_endpoint":null,"oidc_issuer_type":"keycloak","staging_domain":"apicast-dev-staging","production_domain":"apicast-dev-production","apicast_configuration_driven":true,"tenant_id":7,"deployed_at":null,"api_backend":"http://book-service:8080/books","created_at":"2020-08-13T19:48:07Z","updated_at":"2020-09-14T17:47:11Z","api_test_success":null,"hostname_rewrite_for_sandbox":"book-service","endpoint_port":8080,"valid?":true,"service_backend_version":"1","hosts":["apicast-dev-production","apicast-dev-staging"],"backend":{"endpoint":"https://backend-3scale.apps.osepext01.claro.amx","host":"backend-3scale.apps.osepext01.claro.amx"},"policy_chain":[{"name":"apicast","version":"builtin","configuration":{}}],"jwt_claim_with_client_id":null,"jwt_claim_with_client_id_type":null,"proxy_rules":[{"id":9,"proxy_id":6,"http_method":"GET","pattern":"/","metric_id":23,"metric_system_name":"hits","delta":1,"tenant_id":7,"created_at":"2020-08-13T19:48:07Z","updated_at":"2020-08-13T19:48:07Z","redirect_url":null,"position":1,"last":false,"owner_id":6,"owner_type":"Proxy","parameters":[],"querystring_parameters":{}}]}}